,MTS,OPEN,CLOSE,HIGH,LOW,VOLUME
0,1577836800000,7208.2,7189.80885108,7208.2,7185.4,106.25441403
1,1577840400000,7187.5,7227.8,7250.0,7187.4,61.75445158
2,1577844000000,7231.24716,7256.7,7256.7,7231.24716,34.66355388
3,1577847600000,7256.6,7237.3,7256.7,7233.1,32.38361943
4,1577851200000,7237.2,7226.1,7241.3,7226.1,52.42960881
5,1577854800000,7225.71325,7236.5,7236.6,7225.7,28.37183562
6,1577858400000,7236.501201,7234.5,7242.0805872,7231.8,269.20793266
7,1577862000000,7234.5,7219.6432693,7237.7,7215.2627328,24.94646312
8,1577865600000,7219.7,7207.23837364,7219.7,7194.30589027,48.55978045
9,1577869200000,7207.23837364,7203.3,7218.8616745,7202.5,40.28418092
10,1577872800000,7201.4,7215.4,7217.0,7201.2,44.17644567
11,1577876400000,7215.45046547,7208.1,7246.6,7208.1,56.5316399
12,1577880000000,7208.12286307,7233.7,7234.94714793,7208.1,84.40719764
13,1577883600000,7233.7,7234.4,7241.1,7230.0,77.21671539
14,1577887200000,7234.4,7235.8,7244.1960371,7226.6,52.11868779
15,1577890800000,7235.88968888,7249.90204744,7285.1,7235.8,301.12648712
16,1577894400000,7249.90204744,7250.9957747,7250.9957747,7239.2,67.52711513
17,1577898000000,7250.9957747,7261.9,7269.6,7245.1,115.23507321
18,1577901600000,7261.8,7260.8,7264.1,7254.1472265,61.14262962
19,1577905200000,7260.8,7250.07318254,7260.8,7245.9,44.00739253
20,1577908800000,7250.07318254,7254.0,7254.9,7245.0,53.2224864
21,1577912400000,7253.9,7258.051466,7261.9,7250.3,134.80306737
22,1577916000000,7258.6,7216.1,7259.0,7210.0,189.32225694
23,1577919600000,7214.59484549,7212.7,7214.6,7198.67038998,91.36301073999999
24,1577923200000,7212.395985,7225.0,7225.8,7202.1,45.62920998
25,1577926800000,7225.1,7202.83606306,7225.2,7200.22455262,51.41167489
26,1577930400000,7202.8159272,7179.4,7202.8159272,7175.1,96.15994383
27,1577934000000,7179.3,7133.1,7179.36915632,7132.0,398.75690629
28,1577937600000,7133.0,7153.5,7164.0,7131.0,81.27841453
29,1577941200000,7153.5,7149.3,7158.48310758,7144.5,29.44893197
30,1577944800000,7149.4,7148.8,7156.0,7143.0,207.51058742
31,1577948400000,7149.16461238,7126.0,7155.88828084,7100.0,287.85387261
32,1577952000000,7126.0,7165.01618,7165.4,7126.0,54.3315848
33,1577955600000,7165.1,7178.5,7178.5,7158.3,119.91108528
34,1577959200000,7178.4,7181.5,7196.1,7178.4,60.85257125
35,1577962800000,7181.5,7161.0,7184.0,7161.0,36.24118043
36,1577966400000,7161.02305927,7171.584116,7180.5,7161.01172511,32.93934568
37,1577970000000,7171.6,7154.4,7178.20729483,7126.08244602,106.85773414
38,1577973600000,7154.45154039,7157.1,7168.7,7141.0,66.83887992
39,1577977200000,7157.1,7149.1,7173.1,7142.9,423.84130792
40,1577980800000,7149.22762277,7071.1,7161.7,7051.6,498.98813223
41,1577984400000,7071.0,7002.4,7071.0,6963.0,1578.98895537
42,1577988000000,7002.5,7005.9,7010.0,6980.1,98.56837851
43,1577991600000,7005.9,7013.9627495,7019.8,6991.9,154.23529287
44,1577995200000,7013.6,6985.0,7013.9,6981.2,132.32032049
45,1577998800000,6985.0,7005.99371601,7006.6,6976.53118624,57.99504797
46,1578002400000,7005.9667596,6995.790244,7010.1,6995.2,171.0099849
47,1578006000000,6995.790244,6989.4,6995.8,6984.0,57.36910341
48,1578009600000,6989.4,6962.5,6992.78358145,6950.1,292.5223081
49,1578013200000,6962.6,6918.7,6970.5,6918.7,359.89767934
50,1578016800000,6918.7,6988.9,6994.6,6909.3,426.49996847
51,1578020400000,6989.0,6977.6,6996.2,6977.5,38.84346798
52,1578024000000,6977.5,7255.9,7416.0,6977.5,2076.41079256
53,1578027600000,7255.9,7252.5,7299.8,7213.2,399.4579064
54,1578031200000,7252.4,7234.2,7252.6,7228.00471264,128.77439037
55,1578034800000,7234.2,7236.6,7260.80746312,7226.1,227.93941627
56,1578038400000,7235.8,7293.4,7324.6,7235.7,273.17515046
57,1578042000000,7293.3,7383.1,7385.9,7293.2,315.61810482
58,1578045600000,7383.1,7344.9,7404.1705062,7311.5,329.0634776
59,1578049200000,7344.9,7369.5,7377.2,7344.9,138.90154427
60,1578052800000,7372.7,7353.025098,7381.7,7338.9,135.49160127
61,1578056400000,7356.1,7383.3,7407.57243269,7342.4,173.30622551
62,1578060000000,7383.331744,7285.8,7394.6,7272.4,317.86110127
63,1578063600000,7285.8,7346.0,7350.0,7285.7,72.13915081
64,1578067200000,7346.0,7426.0,7444.9,7327.8,408.986733
65,1578070800000,7426.03188175,7389.0,7438.3,7370.6,74.59836052
66,1578074400000,7389.0,7372.5,7397.1,7369.0,64.14753177
67,1578078000000,7372.5,7370.6,7380.4,7325.0,91.17050462
68,1578081600000,7370.5,7353.20839954,7390.0,7338.0,53.26632821
69,1578085200000,7353.2,7304.1,7360.7,7301.0,95.74894028
70,1578088800000,7304.1,7334.8,7348.2,7299.1,98.26606565
71,1578092400000,7334.8,7371.2,7372.0,7330.9,89.58199097
72,1578096000000,7371.1,7339.6803207,7378.6,7329.1,51.38949161
73,1578099600000,7339.6,7335.69319427,7339.7,7329.1,28.47388046
74,1578103200000,7335.7,7353.2,7355.8,7325.1,100.86483178
75,1578106800000,7353.10199387,7362.810764,7362.9,7346.96427233,59.98893208
76,1578110400000,7362.8,7358.57015639,7362.81075339,7348.5,64.45483002
77,1578114000000,7358.6,7377.0,7394.3,7358.5,102.22591138
78,1578117600000,7377.0582795,7384.57177675,7389.59354892,7377.0,96.09226617
79,1578121200000,7384.57177675,7370.9,7384.57177675,7361.8,49.30016149
80,1578124800000,7370.9,7376.9,7388.9,7365.6,36.38358276
81,1578128400000,7376.9657598,7389.0,7389.0,7370.6,22.11133863
82,1578132000000,7388.9933208,7347.2,7395.7,7347.2,83.95476189
83,1578135600000,7347.2,7361.69480402,7362.0,7334.0,48.10420322
84,1578139200000,7361.69480402,7341.17014095,7362.0,7341.1,38.43237373
85,1578142800000,7341.17014095,7330.8,7353.0,7326.8,60.41992307
86,1578146400000,7330.8,7345.0,7345.0,7325.98442418,343.08450338
87,1578150000000,7344.95556347,7348.6,7349.6,7330.0,173.17209361
88,1578153600000,7348.7,7336.6,7349.97734623,7326.0,324.63461433
89,1578157200000,7339.0,7366.0,7371.2,7333.9,1088.49871624
90,1578160800000,7366.0,7322.85976594,7422.0,7297.3,766.65292715
91,1578164400000,7322.6,7354.1,7368.7,7311.1,118.56643485000001
92,1578168000000,7352.7,7363.3,7364.7,7333.7,62.20004642
93,1578171600000,7362.6,7370.35526105,7383.2,7356.9,229.64952395
94,1578175200000,7370.5819005,7363.0,7373.0,7359.1,288.10601005
95,1578178800000,7363.3,7369.83176114,7374.3,7351.9854408,28.95149637
96,1578182400000,7370.3,7391.2,7408.6,7369.9,158.8699563
97,1578186000000,7391.2,7483.0,7499.0,7391.2,623.8329741
98,1578189600000,7483.0,7468.2827037,7502.9,7455.5,171.32903202
99,1578193200000,7468.2,7492.9,7495.8,7468.2,23.36468168
100,1578196800000,7493.0,7478.4,7509.9,7470.8,68.90196225
101,1578200400000,7478.4598707,7485.768927,7488.4,7474.0,58.70062136
102,1578204000000,7485.7,7485.7,7500.0,7475.8,63.44013033
103,1578207600000,7485.7,7485.6764073,7489.9,7474.6,64.87635902
104,1578211200000,7485.78837396,7450.63596881,7490.2,7437.8,86.83694147
105,1578214800000,7450.63596881,7447.06493082,7456.8,7430.0,68.2802841
106,1578218400000,7447.9,7437.3811239,7450.1,7430.0,31.55035024
107,1578222000000,7434.883092,7451.0,7458.3,7434.3,29.2596508
108,1578225600000,7451.08234855,7470.0,7470.0,7450.0,117.94499713
109,1578229200000,7469.95143824,7445.94898145,7475.0,7430.6,598.1026167
110,1578232800000,7446.0,7448.0,7454.0,7440.8,44.150680539999996
111,1578236400000,7447.8,7477.7,7480.0,7447.8,104.35455699
112,1578240000000,7478.19991824,7475.4,7490.9,7467.26361442,110.35336657
113,1578243600000,7475.3,7480.3,7484.0,7465.2,50.30981661
114,1578247200000,7481.65936129,7449.1391772,7481.7,7440.0,86.66646333
115,1578250800000,7449.1391772,7447.0,7449.1391772,7439.7,792.21260219
116,1578254400000,7446.9,7436.3,7447.0,7420.1,419.4782944
117,1578258000000,7436.3,7384.0,7436.3,7353.3,329.79094869
118,1578261600000,7384.0,7357.3,7386.3,7315.8,228.50127493
119,1578265200000,7356.2,7364.6,7365.6,7336.4,119.52691308
120,1578268800000,7363.9,7389.1,7389.8,7358.0,369.88609362
121,1578272400000,7389.4,7432.5,7435.0,7383.0,105.91145163
122,1578276000000,7432.5,7558.64388745,7568.136006,7431.1,910.38643163
123,1578279600000,7558.7,7545.0,7584.3,7503.5,465.80129365
124,1578283200000,7545.05859923,7542.7,7560.9,7536.9,108.67238908
125,1578286800000,7543.1,7532.0,7548.8,7510.0,91.94132025
126,1578290400000,7532.0,7526.7,7534.0,7525.9,83.55142356
127,1578294000000,7529.5,7523.3,7542.8,7523.3,144.44237835
128,1578297600000,7523.36152896,7559.38078465,7560.9,7523.0,257.96141237
129,1578301200000,7559.38078465,7549.8,7559.38078465,7529.7,140.62916675
130,1578304800000,7549.9,7570.5,7572.2,7547.1,196.62648776
131,1578308400000,7570.4,7552.65737436,7576.0,7547.0,121.24789627
132,1578312000000,7552.65737436,7562.3,7566.0,7543.0,230.69725875
133,1578315600000,7562.9751591,7534.82798202,7632.0,7504.4,1010.73159824
134,1578319200000,7534.9,7558.0615104,7565.7,7516.46209778,107.42036642
135,1578322800000,7558.1,7538.0,7560.0,7535.4,67.5824444
136,1578326400000,7538.0,7542.0,7559.8,7523.5,160.02426385
137,1578330000000,7541.95899987,7562.5,7562.5,7541.9,51.03415596
138,1578333600000,7562.5,7542.44425246,7562.5,7538.1,153.17081078
139,1578337200000,7542.57586258,7551.1,7553.9,7500.55400484,373.88493705
140,1578340800000,7551.0,7558.9,7559.0,7545.3,52.0612416
141,1578344400000,7559.0,7585.3,7604.2,7558.9,395.80192174
142,1578348000000,7585.1,7714.9,7776.9,7585.1,1948.90718251
143,1578351600000,7715.0,7757.9,7785.0,7708.4,992.9057689
144,1578355200000,7759.5,7876.7,7938.0,7758.8,3883.83957707
145,1578358800000,7876.7,7896.6,7901.0,7855.9,237.44177717
146,1578362400000,7895.3,7893.4,7927.5,7888.8,333.50256471
147,1578366000000,7893.4,7894.8,7910.0,7880.8,111.51525941
148,1578369600000,7894.8,7834.9,7896.5,7808.0,298.33389105
149,1578373200000,7834.9,7878.1,7884.2,7834.9,242.22854954
150,1578376800000,7878.1,7870.7,7878.7,7859.95750924,54.97701467
151,1578380400000,7870.7,7877.9,7888.7,7857.2,104.58640287
152,1578384000000,7877.9,7879.4,7893.9,7869.7,147.16301739
153,1578387600000,7879.4,7860.0,7880.0,7860.0,111.9265387
154,1578391200000,7860.0,7880.0,7882.1,7860.0,224.71785239
155,1578394800000,7879.9710496,7903.9,7952.0,7879.9710496,631.14456617
156,1578398400000,7903.9,7875.1,7912.242034,7855.8,141.60152056
157,1578402000000,7875.0,7859.1,7875.1,7823.7,163.39649011
158,1578405600000,7858.811133,7858.5,7884.1,7844.4,174.57024879
159,1578409200000,7858.5562176,7770.3,7858.5562176,7760.0,377.79817907
160,1578412800000,7770.6,7927.0,7953.0,7741.9,843.58087004
161,1578416400000,7927.0175587,7941.8,7951.28130126,7892.07494553,316.49749674
162,1578420000000,7941.8,8041.9,8120.0,7930.6,1825.13341022
163,1578423600000,8041.549593,8073.0,8098.0,8039.6,246.15784182
164,1578427200000,8073.2,8159.0,8167.9,8051.1,486.17559987
165,1578430800000,8159.0,8020.0,8185.0,7992.2,747.6449696
166,1578434400000,8020.0,8036.5,8054.4,7955.82266625,193.03938778
167,1578438000000,8037.3,8154.1,8210.3,8023.3,459.00074898
168,1578441600000,8158.3,8425.4,8442.0,8148.8,1831.66278203
169,1578445200000,8425.6,8357.9,8441.5,8332.4,538.12218945
170,1578448800000,8357.8,8285.7,8395.8,8270.7,451.84457919
171,1578452400000,8283.3,8303.54203043,8333.69600482,8252.1,240.87544938
172,1578456000000,8303.5,8336.9,8344.0,8283.0,143.65266274
173,1578459600000,8336.9,8335.72096468,8369.0,8302.4,153.22075143
174,1578463200000,8335.72096468,8334.4,8356.5,8313.6,99.85990846
175,1578466800000,8334.5,8305.0,8345.4,8286.5,183.57236316
176,1578470400000,8305.0,8312.97259716,8319.0,8270.5,201.1278978
177,1578474000000,8312.97259716,8299.92758938,8314.9,8278.4,176.01800865
178,1578477600000,8300.0,8332.7,8355.3,8292.73744684,232.95445201
179,1578481200000,8331.2,8335.1,8362.0,8331.2,111.99474353
180,1578484800000,8335.0,8278.51099835,8341.8,8273.2,173.26800218
181,1578488400000,8278.2,8377.20613773,8407.0,8220.0,579.56395838
182,1578492000000,8377.20613773,8297.3,8377.3,8207.3,525.98660588
183,1578495600000,8297.3,8295.62414913,8346.2,8229.2,252.19670584
184,1578499200000,8294.57667224,8112.2,8329.33145292,8050.0,1103.80385216
185,1578502800000,8110.3,8088.0,8117.910108,8017.1,558.14950779
186,1578506400000,8086.8,8048.0,8087.9,8038.8,121.50568745
187,1578510000000,8048.1,7976.0,8060.0,7976.0,846.42064639
188,1578513600000,7976.0,8051.3,8057.4,7877.6,1277.17641572
189,1578517200000,8051.3,8007.3,8051.3,7958.8,1187.01376919
190,1578520800000,8007.3,8067.24969615,8075.5,7983.0,379.82108269
191,1578524400000,8067.3,8036.8,8101.0,8018.7,386.98843461
192,1578528000000,8036.8,7957.3,8036.8,7925.0,367.17957077
193,1578531600000,7957.0,7995.1,8028.2,7951.0,178.88553712
194,1578535200000,7995.1,7983.0,8008.6,7983.0,33.76117255
195,1578538800000,7983.0,7954.4,7985.8,7946.9,82.84895236
196,1578542400000,7952.9,7970.3,7973.0,7934.1,57.34573545
197,1578546000000,7969.6,7943.0,7969.6,7938.8,46.54034738
198,1578549600000,7942.3,7913.1,7949.5,7910.0,161.33128322
199,1578553200000,7913.2,7946.0,7971.3,7912.4,102.93541673
200,1578556800000,7945.7,7938.5,7950.4,7923.4,77.46152186
201,1578560400000,7937.1,7883.6,7937.15425604,7851.08390976,527.86927078
202,1578564000000,7883.5,7891.25776899,7934.5,7860.3,101.51154711
203,1578567600000,7891.3,7873.4,7896.4,7851.4,147.08328973
204,1578571200000,7873.389251,7895.5,7917.3,7873.30469123,94.46876626
205,1578574800000,7895.5,7896.2,7947.4,7891.4,227.80543381
206,1578578400000,7896.2,7886.7,7917.33792567,7876.7,108.90427488
207,1578582000000,7886.6,7900.6,7917.2,7883.0,47.48954414
208,1578585600000,7903.4,7824.6,7909.9,7801.0,334.44248013
209,1578589200000,7824.6,7790.9,7848.6,7778.7,308.34956118
210,1578592800000,7790.84485187,7811.4,7832.6,7790.0,135.12350706
211,1578596400000,7811.4,7912.9,7940.0,7811.3,288.5573759
212,1578600000000,7914.2,7820.0,8000.0,7809.6,654.62722819
213,1578603600000,7818.6,7791.1,7843.1,7756.0,412.57714416
214,1578607200000,7791.0,7809.622637,7857.4,7791.0,82.71611976
215,1578610800000,7809.60546973,7817.4514653,7825.0,7793.0,91.47504511
216,1578614400000,7817.4,7822.5,7848.9,7806.8,80.41679245
217,1578618000000,7822.5,7797.9,7831.88667699,7791.1,47.87196922
218,1578621600000,7798.3,7804.6,7813.6,7796.3,26.64759559
219,1578625200000,7804.1,7809.2,7809.4,7772.4,117.54163005000001
220,1578628800000,7809.2,7784.0,7809.2,7770.0,71.15392539
221,1578632400000,7784.0,7742.2,7785.0,7737.0,199.05101414
222,1578636000000,7739.3,7746.0,7774.92665958,7721.0,185.83503334
223,1578639600000,7743.7,7744.5,7745.1,7723.5,72.90203115
224,1578643200000,7745.0,7702.0,7745.0,7687.3,371.38130971
225,1578646800000,7701.9842442,7730.1,7750.0,7693.9,258.15843973
226,1578650400000,7730.18798687,7772.5,7784.5,7675.8,310.77024776
227,1578654000000,7772.45294149,7831.4,7846.2,7772.45294149,344.09012349
228,1578657600000,7831.6,7895.8,7896.0,7809.73174155,220.51105814
229,1578661200000,7895.8,7861.8,7932.0,7852.6,301.3876737
230,1578664800000,7861.8,7964.3,7965.0,7845.9,553.75774153
231,1578668400000,7964.3,8050.5,8072.6,7938.2,953.47545851
232,1578672000000,8055.1,7942.1,8135.1,7924.1,833.63921204
233,1578675600000,7942.0,7961.2,7962.5,7911.0,213.50696342
234,1578679200000,7961.7,8010.0,8097.2,7961.7,669.35574518
235,1578682800000,8012.1,8050.5,8100.0,7957.5,744.04448656
236,1578686400000,8050.18576203,8055.5,8080.0,8035.2303831,243.42288248
237,1578690000000,8055.4423008,8039.0,8117.53456937,8011.1,407.97412265
238,1578693600000,8039.4,8078.2,8083.6,7975.0,220.95803088
239,1578697200000,8078.26041,8184.5,8185.9,8055.7,410.06451591
240,1578700800000,8180.3,8155.6,8189.0,8119.5,259.13118219
241,1578704400000,8155.6,8196.65936703,8243.0,8151.2,327.51973096
242,1578708000000,8196.6593412,8197.3901988,8199.1,8160.0,176.20254242000001
243,1578711600000,8198.3,8149.0,8198.8,8131.0,59.99271161
244,1578715200000,8149.0,8113.7,8164.7,8087.5,145.41234316999999
245,1578718800000,8113.70282015,8074.9715508,8113.70282015,8038.1,185.26685789
246,1578722400000,8074.9715508,8110.2,8114.0,8062.0,50.10982309
247,1578726000000,8108.5,8065.4,8134.4,8065.3,96.93151038
248,1578729600000,8065.3,8058.7,8077.2,8037.0,101.31534588
249,1578733200000,8058.7,8106.03140941,8111.6,8056.2,100.44682848
250,1578736800000,8106.03140941,8042.6,8106.03140941,8040.7,95.24161864999999
251,1578740400000,8042.7,8031.6,8051.3,7991.8,390.92082018
252,1578744000000,8031.6,8038.1,8041.7,8015.0,90.63892822
253,1578747600000,8038.0,8076.7,8076.7,8035.6,166.79673903
254,1578751200000,8075.1,8044.5,8096.8,8044.5,101.46357211
255,1578754800000,8044.5,8087.6,8090.6,8044.4,76.14996493
256,1578758400000,8090.3,8148.5,8150.0,8068.0,288.16205771
257,1578762000000,8149.8,8146.5,8196.2,8136.05539537,234.44286748
258,1578765600000,8146.6,8150.0,8176.1,8130.2,110.66488408
259,1578769200000,8149.5,8142.4,8156.6,8128.1,46.81345675
260,1578772800000,8141.5,8144.5,8172.2,8136.4,110.19185828
261,1578776400000,8144.4,8091.0,8282.4,8042.6,620.24109899
262,1578780000000,8091.4,8064.8,8091.4,8020.0,259.57318611
263,1578783600000,8064.8,8013.7,8065.8,8000.0,160.88769629
264,1578787200000,8013.63408437,8060.2,8069.89142631,7951.7,286.98337461
265,1578790800000,8060.0,8050.99855638,8070.5,8034.5,123.71802339
266,1578794400000,8051.0,8080.7,8094.3,8048.1,67.4825349
267,1578798000000,8079.89942163,8078.0,8090.6,8059.3,27.431621110000002
268,1578801600000,8078.0,8064.3,8086.3,8062.9,54.01374634
269,1578805200000,8064.22022896,8082.7,8082.7,8064.2,45.81334757
270,1578808800000,8082.7,8075.7,8136.8,8075.7,182.3158296
271,1578812400000,8075.7,8081.233821,8088.9,8074.9,66.63028299
272,1578816000000,8081.2,8117.4,8121.4,8079.4,146.28907607
273,1578819600000,8117.8,8118.8,8142.9,8106.5,96.66836271
274,1578823200000,8118.8,8109.7,8118.8,8086.1,76.73381026
275,1578826800000,8109.70100769,8098.5,8112.7,8097.5,63.87551356
276,1578830400000,8098.6,8125.4,8132.1,8098.58101289,136.22022495
277,1578834000000,8125.4,8151.2,8151.2,8113.3,147.24115889
278,1578837600000,8150.3,8117.1,8170.52737925,8108.3,283.98262903
279,1578841200000,8117.168556,8137.9,8150.4,8117.168556,126.70789622
280,1578844800000,8137.9,8086.5,8155.1,8086.5,201.04991867
281,1578848400000,8086.57141851,8082.87593808,8171.5,8057.0,396.46424822
282,1578852000000,8082.8,8103.5,8111.8,8069.0,75.22942088
283,1578855600000,8103.51078618,8110.7,8137.61215905,8103.2,241.70568241
284,1578859200000,8110.7,8124.4,8130.6,8110.7,56.38787102
285,1578862800000,8124.4,8099.2,8132.0,8099.2,76.62009557
286,1578866400000,8099.2,8148.1,8159.6,8099.2,128.55304068
287,1578870000000,8148.6,8174.7,8174.7,8139.1,99.2999681
288,1578873600000,8174.6670523,8140.93758352,8199.7,8135.7878412,258.6806862
289,1578877200000,8141.0,8146.6159607,8155.10252499,8134.3,76.60460931
290,1578880800000,8146.96504596,8117.7,8147.0,8117.7,64.17677117
291,1578884400000,8117.7,8100.3,8117.7,8091.0,135.60297314
292,1578888000000,8100.1,8112.8,8113.9,8091.0,27.55032836
293,1578891600000,8112.8689383,8083.9791942,8112.9,8071.9,72.75900449
294,1578895200000,8083.9791942,8055.1,8102.5,8054.43959882,81.74504883
295,1578898800000,8055.0,8067.3,8075.5,8054.4,42.21371079
296,1578902400000,8067.2,8114.9531544,8115.0,8058.6,80.75044171
297,1578906000000,8114.9531544,8098.99626055,8119.9,8080.9,132.69793393
298,1578909600000,8099.0,8108.0,8108.0,8097.0,174.0898855
299,1578913200000,8108.0,8070.5135133,8109.9,8070.5135133,79.60886405
300,1578916800000,8070.5135133,8081.1,8088.17148447,8053.6,184.33939634
301,1578920400000,8081.3594784,8079.6,8097.8,8074.2,77.25694526
302,1578924000000,8079.5,8079.02439,8082.8,8062.0,101.39783684
303,1578927600000,8079.1,8066.8,8081.1,8063.9,80.67643976
304,1578931200000,8066.8,8087.8,8092.7,8061.0,234.22260267
305,1578934800000,8087.8,8084.5,8117.8,8080.4,107.34709524
306,1578938400000,8084.5,8097.0,8097.5,8082.9,40.87689973
307,1578942000000,8097.0,8105.0,8117.0,8096.9,127.37379917
308,1578945600000,8105.0,8145.2,8159.9,8103.6,241.36384363
309,1578949200000,8145.12447745,8130.0,8149.3,8114.0,80.73228191
310,1578952800000,8129.91657706,8110.3,8130.0,8102.3,54.3318046
311,1578956400000,8111.2,8095.8,8130.0,8093.877445,36.84034352
312,1578960000000,8095.8,8260.6,8297.7,8095.8,800.32505391
313,1578963600000,8260.6,8413.2,8467.9838016,8260.6,1408.26874968
314,1578967200000,8413.13552394,8415.0,8415.0,8355.6,322.28776026
315,1578970800000,8415.1,8460.0,8468.4,8359.8,275.00198901
316,1578974400000,8460.0,8520.0,8606.1,8454.6,1926.79995401
317,1578978000000,8519.91860944,8468.0,8525.0,8450.1,378.28380984
318,1578981600000,8467.7,8489.5918648,8499.2,8458.5,147.97456813
319,1578985200000,8489.5918648,8497.3,8526.5,8489.5918648,155.40786705
320,1578988800000,8497.2,8499.3,8519.9,8492.0,171.41626691
321,1578992400000,8499.31516025,8487.9,8539.0,8472.1,412.66028293
322,1578996000000,8487.89300394,8507.6,8515.9,8463.0,156.49483341
323,1578999600000,8507.6,8509.9421967,8511.0,8497.5,72.51867882
324,1579003200000,8509.9421967,8487.0,8600.0,8463.0,823.92503164
325,1579006800000,8487.00194253,8569.0,8569.1,8486.7,439.87325574
326,1579010400000,8569.1,8676.6,8712.6,8549.5,1207.67738962
327,1579014000000,8676.6,8657.71217552,8708.0,8621.0,1128.05067249
328,1579017600000,8661.5,8651.7,8672.7,8473.0,1574.69080213
329,1579021200000,8651.8,8727.4,8755.0,8640.4,1602.88833704
330,1579024800000,8728.4790361,8742.8,8779.0,8631.9,932.69846451
331,1579028400000,8741.6,8747.4,8750.0,8667.0,428.66076399
332,1579032000000,8747.4,8670.08670556,8747.4,8610.4,577.58000188
333,1579035600000,8670.0,8709.6,8736.9,8650.0,171.54682139
334,1579039200000,8709.5,8686.7,8759.0,8686.59109449,502.1909519
335,1579042800000,8686.7,8772.6,8829.0,8674.9,956.43742136
336,1579046400000,8771.0,8728.8778924,8859.7,8661.5,892.41801094
337,1579050000000,8726.7,8729.2,8760.4,8671.4,515.3828014
338,1579053600000,8728.4,8780.0757165,8783.5,8720.0,280.44577674
339,1579057200000,8780.1,8707.0,8780.1,8700.3,227.93133583
340,1579060800000,8704.67240448,8583.8,8711.7,8568.4,648.20544809
341,1579064400000,8583.2,8591.8,8625.8,8560.1,214.17970339
342,1579068000000,8590.43592544,8652.9,8663.2,8590.4,116.69160259
343,1579071600000,8652.851212,8597.0,8653.1,8583.2,236.00553452
344,1579075200000,8597.1,8612.5,8633.1,8574.9,130.39010795
345,1579078800000,8612.4,8717.1,8740.9,8611.9,204.8942125
346,1579082400000,8719.1,8767.2,8767.2,8695.3,330.6126559
347,1579086000000,8767.2,8683.8,8772.6,8669.8,505.20518022
348,1579089600000,8683.8,8736.2,8745.9,8682.3,429.753897
349,1579093200000,8736.2955733,8861.8,8873.0,8734.84713761,848.70470635
350,1579096800000,8865.9,8830.8,8872.3,8731.1,647.77093491
351,1579100400000,8830.9,8745.8,8840.5,8710.0,527.18537701
352,1579104000000,8745.8,8762.1,8789.6,8656.0,497.07614033
353,1579107600000,8762.15026036,8760.0,8762.2,8713.8,124.51355432
354,1579111200000,8760.0,8733.3,8760.0,8702.9,235.84623677
355,1579114800000,8733.3,8745.7,8760.0,8732.7,228.70286957
356,1579118400000,8744.239854,8780.8,8800.0,8730.0,233.29583054
357,1579122000000,8780.8,8812.1,8825.0,8773.9,290.06578237
358,1579125600000,8812.1,8840.0,8840.0,8796.1,217.36700357
359,1579129200000,8839.905138,8807.7,8850.0,8789.0,196.47484122
360,1579132800000,8807.7,8738.6,8839.9,8680.1,839.56616651
361,1579136400000,8738.6923136,8636.2,8743.2,8600.0,341.16575886
362,1579140000000,8636.2,8634.7,8665.0,8600.0,162.25874497
363,1579143600000,8634.6,8630.0,8635.9,8579.8,264.21084034
364,1579147200000,8630.0,8637.4,8653.0,8611.7,86.15076049
365,1579150800000,8637.5,8687.3,8690.0,8636.2,210.36735184
366,1579154400000,8687.3,8689.95139806,8690.0,8659.7,75.9395626
367,1579158000000,8690.0,8650.7825112,8690.0,8636.5,97.47725778
368,1579161600000,8650.8,8650.92706608,8690.0,8637.9,96.94119811
369,1579165200000,8651.0,8629.8,8654.0,8597.0,157.85644733
370,1579168800000,8629.89359697,8632.6,8633.2,8580.7,95.19387715
371,1579172400000,8632.6,8704.6,8710.0,8611.0,135.18185679
372,1579176000000,8704.5,8693.9,8748.0,8681.7,172.61092058
373,1579179600000,8693.8219132,8669.8,8707.1,8647.3,108.29665319
374,1579183200000,8669.81504997,8668.2,8670.8,8625.1,159.67879922
375,1579186800000,8668.2,8701.1,8712.30468525,8663.1,354.33028274000003
376,1579190400000,8701.10099658,8638.9,8701.10099658,8607.1,568.43257782
377,1579194000000,8638.6,8669.5,8695.5,8638.0,331.4934118
378,1579197600000,8669.5,8677.2,8685.8,8649.35584979,127.29156269
379,1579201200000,8677.2,8691.6,8706.5,8675.7,159.60112426
380,1579204800000,8691.7,8736.4,8737.6,8689.7,300.47292453
381,1579208400000,8736.4,8679.2,8740.0,8673.0,260.61681034000003
382,1579212000000,8679.2,8716.7,8724.0,8679.2,87.9165973
383,1579215600000,8716.75451214,8720.6,8725.1,8716.0,118.5310178
384,1579219200000,8719.54720583,8679.1,8724.8,8674.2,286.79130578
385,1579222800000,8679.0,8721.0,8721.2,8678.66526327,190.68423788
386,1579226400000,8721.0,8747.8,8772.5,8719.3,341.39806707
387,1579230000000,8747.9,8780.5,8833.9,8747.8,432.08021866
388,1579233600000,8780.6,8793.3,8797.2,8749.0,160.91914043
389,1579237200000,8793.3,8882.6052447,8888.0,8783.7,560.33912888
390,1579240800000,8882.6,8844.5,8978.9,8824.2,1727.70102661
391,1579244400000,8844.5,8916.0,8925.5,8827.7,457.96671555
392,1579248000000,8916.0,8906.8,8987.0,8890.0,560.81993384
393,1579251600000,8906.8,8950.8,8968.1,8906.8,307.68628232000003
394,1579255200000,8951.2,8909.6,9000.0,8860.5,622.64166887
395,1579258800000,8909.7,8884.8,8925.8,8874.2,505.88745564
396,1579262400000,8884.8,8788.0,8895.8,8785.3,365.67741946
397,1579266000000,8788.2,8823.3,8845.0,8788.2,179.62437372
398,1579269600000,8824.3,8760.3,8824.3,8757.1,230.11037021
399,1579273200000,8758.4,8843.6,8849.3,8756.9,628.93715143
400,1579276800000,8843.6,8850.9,8899.8,8827.4,910.07581734
401,1579280400000,8850.9,8860.0,8881.4,8848.0,186.24976495
402,1579284000000,8860.0,8894.6,8919.6,8859.4,387.92955636
403,1579287600000,8893.7,8843.9,8928.1,8785.0,227.01507169
404,1579291200000,8850.6801659,8851.1,8903.6,8839.0,114.66920418
405,1579294800000,8851.1,8881.0,8905.2,8847.4,54.59145568
406,1579298400000,8881.0,8914.0,8938.3,8860.6,176.2179577
407,1579302000000,8910.954976,8875.4,8930.0,8875.4,76.8608348
408,1579305600000,8875.5,8962.1,8963.7,8846.0,243.68467169
409,1579309200000,8962.0,8908.0,8965.0,8869.8,172.07304472
410,1579312800000,8908.0,8905.7,8923.1,8882.1,76.22618068
411,1579316400000,8905.6886688,8912.56896936,8927.1,8892.6,73.32524977
412,1579320000000,8912.5,8829.4,8912.56896936,8810.0,186.70854649
413,1579323600000,8829.4,8830.6,8840.4,8791.12468089,71.17347524
414,1579327200000,8831.7,8845.02598153,8845.9,8798.2,44.32428621
415,1579330800000,8845.0,8833.0,8855.3,8833.0,38.11706395
416,1579334400000,8833.0,8845.3587056,8847.3,8806.65180453,88.95364055
417,1579338000000,8845.3,8859.8,8884.0,8838.0,213.14643231
418,1579341600000,8859.9,8878.7,8888.8,8839.92421233,125.59667542
419,1579345200000,8878.721544,8851.1,8878.721544,8843.1,38.90326066
420,1579348800000,8854.9,8899.7,8900.0,8854.9,49.10157719
421,1579352400000,8899.7,8907.32304,8932.7,8890.2,158.3365806
422,1579356000000,8907.3,8911.4,8952.3,8887.61466351,317.38796525
423,1579359600000,8911.4,8867.98394291,8939.8,8841.1,441.23167941
424,1579363200000,8868.0,8852.4,8917.8,8825.6,273.91276821
425,1579366800000,8856.6,8889.7,8900.4,8847.8,235.55937017
426,1579370400000,8889.61100798,8866.0,8889.8,8859.7,54.26722996
427,1579374000000,8866.09850647,8887.9,8894.6,8859.2,31.09627237
428,1579377600000,8887.9,8889.38919193,8898.4,8886.0,52.33747149
429,1579381200000,8890.16554811,8904.9,8905.0,8889.7,49.73194574
430,1579384800000,8905.0,8930.3,8930.3,8904.2,179.13319651
431,1579388400000,8930.3,8891.6,8937.0,8891.49644442,246.44426433
432,1579392000000,8891.5,8959.03943225,8964.4,8870.1,219.29718841
433,1579395600000,8959.1,9127.9,9150.0,8959.0,1944.56897131
434,1579399200000,9130.2,9144.2,9163.5,9096.4,322.76806748
435,1579402800000,9144.2,9133.5,9169.5,9120.6,114.72935086
436,1579406400000,9133.7,9127.4,9137.0,9101.0,220.99776271
437,1579410000000,9127.4,9105.8,9130.9,9099.1,80.54939056
438,1579413600000,9106.0,9040.0,9118.4,9014.9,606.21882414
439,1579417200000,9039.9,9057.1,9068.1,9000.0,333.45098442
440,1579420800000,9057.0,9075.5,9088.8,9048.4,184.69059694
441,1579424400000,9075.49285955,9045.0,9107.8,9035.1,136.3174386
442,1579428000000,9045.0,9020.0,9060.4,9020.0,116.46348592
443,1579431600000,9020.0,8661.2,9020.0038544,8450.0,4440.29607391
444,1579435200000,8661.2,8601.0,8662.5305536,8551.8,441.77571171
445,1579438800000,8601.0,8612.11912693,8614.0,8552.0,158.24461968
446,1579442400000,8612.1,8606.79554168,8627.0,8600.0,138.04597011
447,1579446000000,8606.6,8625.1,8632.52620371,8588.0,267.90043633
448,1579449600000,8625.0308144,8633.7,8656.4,8607.0,125.54670792
449,1579453200000,8633.7,8645.0,8650.0,8609.2,92.84971675
450,1579456800000,8644.925185,8635.7,8644.925185,8616.9,102.16179282
451,1579460400000,8635.6542272,8642.5,8646.6,8620.1,206.38653588
452,1579464000000,8642.5,8646.4,8650.3,8632.5,272.54289639
453,1579467600000,8646.41721086,8712.6,8752.1,8642.1,338.11483392
454,1579471200000,8712.7,8632.7,8739.2,8500.0,1401.5663198
455,1579474800000,8632.6193096,8698.7,8718.7,8627.0,141.87305241
456,1579478400000,8698.7,8663.36905472,8720.0,8650.0,162.09996587
457,1579482000000,8663.3,8638.0,8680.3,8634.0,109.03517766
458,1579485600000,8638.0,8645.2,8662.9,8631.1,49.81695096
459,1579489200000,8645.2017936,8651.7,8651.7,8636.3,79.39815803
460,1579492800000,8651.7,8632.7,8675.0,8630.0,119.38414405
461,1579496400000,8632.7,8664.4,8668.0,8632.6,40.54705589
462,1579500000000,8664.6,8669.7,8670.1,8659.20079515,43.69174193
463,1579503600000,8669.8,8651.7,8686.40543544,8645.2,117.43045059
464,1579507200000,8651.7,8636.03346844,8667.5,8577.0,327.92521429
465,1579510800000,8636.8,8647.04727752,8662.0,8636.8,48.39060777
466,1579514400000,8647.1,8651.71407417,8657.4,8641.3,54.80165748
467,1579518000000,8651.758347,8607.5,8655.0,8591.0,140.04494985
468,1579521600000,8607.5,8577.3,8621.6,8550.0,270.08841654
469,1579525200000,8577.3,8603.8,8641.3,8519.6,609.65714606
470,1579528800000,8603.0,8654.66028944,8660.0,8590.5,208.41578486
471,1579532400000,8654.21697791,8666.4229579,8673.2,8631.5,206.20756036
472,1579536000000,8666.4229579,8660.9,8694.0,8643.0,146.4913684
473,1579539600000,8660.9,8637.4,8662.9,8637.4,76.69430332
474,1579543200000,8637.4,8655.4,8664.2,8637.4,77.93838802
475,1579546800000,8655.46107998,8665.3,8670.0,8653.8,83.16826278
476,1579550400000,8665.3,8664.6,8666.1,8655.2,62.54004142
477,1579554000000,8664.59567106,8675.0,8675.0,8655.9,84.72568788
478,1579557600000,8675.0,8646.6,8741.1,8588.62432002,877.91264012
479,1579561200000,8648.5,8638.2,8671.5,8620.0,109.00008002
480,1579564800000,8638.2,8628.7,8650.3,8620.0,78.16403051
481,1579568400000,8628.6936462,8649.2,8654.5467168,8628.6,73.78329819
482,1579572000000,8649.1,8656.0010685,8661.7,8645.0,49.18087635
483,1579575600000,8656.0010685,8659.9,8665.8,8656.0010685,42.97056471
484,1579579200000,8659.91510794,8670.1,8683.1,8659.91510794,86.03415894
485,1579582800000,8670.0,8652.9,8670.9,8636.7,76.42029453
486,1579586400000,8652.9,8641.6,8654.3,8632.3,45.34322507
487,1579590000000,8641.7,8626.6,8643.6,8616.0,36.03428176
488,1579593600000,8626.6,8651.7,8657.09389195,8605.91403705,127.60791211
489,1579597200000,8651.7,8625.1,8651.7,8625.1,51.42535751
490,1579600800000,8625.2,8651.4,8658.3,8606.2,99.24366744
491,1579604400000,8651.7,8643.0,8667.3,8637.2,51.89218777
492,1579608000000,8643.07495374,8654.0,8665.3,8627.4,135.5667144
493,1579611600000,8655.6,8655.8,8658.6,8641.2,75.84944787
494,1579615200000,8656.6,8645.5,8659.82131718,8642.1,94.2998942
495,1579618800000,8645.5,8644.9702612,8660.7,8644.0,149.32530024
496,1579622400000,8644.9,8636.1,8649.3,8620.0,165.68012303
497,1579626000000,8635.8239196,8645.5,8645.5,8628.6,38.49054007
498,1579629600000,8645.5,8624.0,8645.5,8612.5038798,56.19015266
499,1579633200000,8626.3,8525.6023035,8637.5,8500.0,609.18303856
500,1579636800000,8525.7,8709.6,8734.6,8524.1,526.92257518
501,1579640400000,8709.6,8731.6304699,8787.17417425,8709.6,406.92544886
502,1579644000000,8731.6304699,8718.9,8731.7,8686.0,126.68081953000001
503,1579647600000,8718.8,8734.1,8745.7,8718.8,47.94999005
504,1579651200000,8734.2,8735.1,8744.9,8727.6,86.53591585
505,1579654800000,8735.1,8720.0,8735.1,8709.7,39.70852004
506,1579658400000,8718.8,8702.8,8719.2,8688.0,43.72967726
507,1579662000000,8704.1,8708.7858715,8711.4,8699.9,75.12946013
508,1579665600000,8706.2,8728.8,8728.9,8706.2,14.73854061
509,1579669200000,8728.6,8712.08132112,8729.3,8712.0,16.83963572
510,1579672800000,8712.08132112,8746.4,8746.8,8712.0,141.76691429
511,1579676400000,8746.3,8723.96396053,8799.9,8699.2,302.76600473
512,1579680000000,8723.96396053,8667.0,8728.2,8650.0,193.73691988000002
513,1579683600000,8667.1,8673.8,8675.0,8632.4,109.58636609
514,1579687200000,8673.7,8655.5,8673.7,8642.0,58.96002612
515,1579690800000,8655.4,8649.0,8655.5,8608.4,122.64395652
516,1579694400000,8649.02289172,8659.450061,8660.0,8636.5,211.28865057000002
517,1579698000000,8659.450061,8624.5,8659.450061,8623.5,61.38432596
518,1579701600000,8624.4103941,8635.6408569,8647.4,8622.9,65.83515664000001
519,1579705200000,8635.61836301,8644.7,8644.8,8633.8,70.15190732
520,1579708800000,8644.7,8662.1,8682.0,8580.5,227.07752253
521,1579712400000,8664.47566984,8663.9,8685.7,8654.9,94.52039947
522,1579716000000,8664.0,8654.3,8664.1,8626.8,72.06241215
523,1579719600000,8656.0,8647.71746582,8656.1,8629.0,39.22703381
524,1579723200000,8647.8,8646.2,8648.0,8637.0,30.49241296
525,1579726800000,8646.2,8642.9,8650.8,8642.8,78.32992257
526,1579730400000,8642.9,8645.2393786,8655.4,8641.9,33.59759513
527,1579734000000,8645.2,8663.9,8663.9,8638.5,164.12002591
528,1579737600000,8663.8,8641.0,8670.4,8626.8,84.75424217
529,1579741200000,8642.1,8577.445494,8646.56025179,8577.3,145.23108657
530,1579744800000,8577.4,8579.5,8598.0,8550.0,195.76765537
531,1579748400000,8579.5,8580.5,8588.2,8571.8,55.55122301
532,1579752000000,8580.5,8563.7,8581.0,8555.0,80.43919129
533,1579755600000,8563.8527854,8538.5,8563.8527854,8470.0,563.15484538
534,1579759200000,8538.4331355,8517.9,8546.8,8495.6,238.42989867
535,1579762800000,8517.8,8570.5,8578.1,8482.0,317.61216882
536,1579766400000,8570.6,8501.8,8600.0,8500.2,244.42976285
537,1579770000000,8501.8,8434.0,8503.9,8400.0,879.34009974
538,1579773600000,8433.6,8430.8,8441.6,8405.0,356.74337631
539,1579777200000,8429.6,8410.0565322,8450.8,8402.5,131.34760939
540,1579780800000,8410.0565322,8402.6,8480.0,8371.1,468.6074021
541,1579784400000,8402.61367187,8340.4,8402.63185549,8331.7,371.51767226
542,1579788000000,8340.3,8356.2,8374.1,8316.0,321.9784497
543,1579791600000,8356.2,8345.6,8384.8,8340.1,98.29202196
544,1579795200000,8346.46713184,8335.0,8351.1,8320.1,94.60850772
545,1579798800000,8334.9698045,8314.6,8363.3,8305.0,113.28486367000001
546,1579802400000,8314.56576919,8328.9,8341.8,8296.0,248.20189209
547,1579806000000,8329.0,8359.059627,8363.0,8328.9,79.3667461
548,1579809600000,8359.1,8366.3,8366.5,8349.1,54.94646865
549,1579813200000,8366.2,8397.8,8420.0,8364.0,256.56144634
550,1579816800000,8397.8,8406.0,8430.0,8392.98053978,136.90804091
551,1579820400000,8406.03366294,8403.56851721,8412.3,8352.5,166.83388292
552,1579824000000,8403.56851721,8399.2680954,8403.6,8389.2,62.44439666
553,1579827600000,8399.3,8363.4,8402.8,8363.4,55.67844481
554,1579831200000,8363.43601381,8298.5,8363.43601381,8285.1,268.86446129
555,1579834800000,8298.5482965,8331.7,8347.7,8298.5482965,54.055527670000004
556,1579838400000,8331.8,8310.0,8347.5,8305.7139655,59.92519076
557,1579842000000,8310.0,8322.4,8340.2,8308.8,59.86419392
558,1579845600000,8322.4,8337.4,8337.5,8322.3,46.78726622
559,1579849200000,8337.5,8335.7,8341.5,8309.5,64.88934866
560,1579852800000,8335.7,8327.5,8343.8,8327.3,53.61469297
561,1579856400000,8327.6,8271.0,8330.0,8271.0,200.33956878
562,1579860000000,8271.0,8252.5,8313.1,8252.0,177.03586782
563,1579863600000,8252.4305745,8404.8,8404.8,8246.0,568.00906388
564,1579867200000,8404.8,8429.4,8445.0,8372.5,297.72745713
565,1579870800000,8429.5,8451.86854489,8470.0,8420.0,194.28228278
566,1579874400000,8451.86854489,8464.0,8495.0,8441.5,217.66808687
567,1579878000000,8464.01035249,8495.2,8500.0,8439.3,210.72841587
568,1579881600000,8495.2,8461.2289277,8519.5,8461.2,145.19249819
569,1579885200000,8461.2,8477.8,8485.5,8446.1,147.87401797
570,1579888800000,8478.4,8483.3,8500.0,8477.3,46.90738369
571,1579892400000,8483.2,8515.0,8523.0,8478.0,160.61188812
572,1579896000000,8515.05223202,8488.1669994,8515.05223202,8471.7,104.32505103
573,1579899600000,8488.1,8515.0,8517.9,8481.8,76.3757167
574,1579903200000,8514.0,8462.4831531,8518.7,8446.1,157.77608384
575,1579906800000,8462.4831531,8447.12967307,8471.3,8419.0,77.76976419
576,1579910400000,8447.1,8315.1,8447.2,8312.0,309.0217275
577,1579914000000,8315.0,8293.8532383,8333.3,8280.0,288.10763697
578,1579917600000,8293.9,8320.0,8320.0,8293.9,75.197923
579,1579921200000,8320.0,8301.2,8345.0,8299.0,86.63625345
580,1579924800000,8301.2,8313.5,8322.9,8295.0,27.758492920000002
581,1579928400000,8313.47844104,8326.9,8326.9,8298.9,45.36561639
582,1579932000000,8326.9,8331.72406331,8343.8,8325.2,65.23070981000001
583,1579935600000,8331.7,8311.49386382,8336.2,8305.8,99.29023128
584,1579939200000,8311.49386382,8365.7,8378.0,8309.1,128.66042602
585,1579942800000,8365.5,8350.1,8367.3178491,8334.7,55.98121972
586,1579946400000,8350.98346524,8333.7,8357.4,8320.0,56.04439111
587,1579950000000,8332.9,8316.7,8333.8,8315.0,62.70269782
588,1579953600000,8316.8,8300.0,8325.2,8300.0,41.40620762
589,1579957200000,8300.0,8323.8,8367.4,8300.0,78.82624368
590,1579960800000,8323.8529266,8326.2,8344.7,8323.8529266,38.87930686
591,1579964400000,8326.2,8339.6,8339.6,8315.2,29.50378353
592,1579968000000,8339.5918038,8351.9,8351.9,8339.5002987,39.46908037
593,1579971600000,8351.89862826,8342.4,8368.0,8338.4,67.51203475
594,1579975200000,8342.4284619,8342.48526683,8342.5,8329.3,34.42460505
595,1579978800000,8342.4,8372.02328122,8372.3,8342.4,33.64620407
596,1579982400000,8372.0,8371.0,8372.4,8365.6,47.47228134
597,1579986000000,8371.0,8390.9,8415.0,8371.0,179.52354785
598,1579989600000,8391.0,8366.17982819,8412.8,8355.0,134.12723318
599,1579993200000,8366.1,8353.7,8387.3,8350.7,76.87813528
600,1579996800000,8353.7,8332.00110431,8353.7,8301.0,132.20514108
601,1580000400000,8332.0,8347.5,8359.3,8327.9,58.3651635
602,1580004000000,8347.5,8330.2,8347.5,8328.9,15.05833498
603,1580007600000,8330.3,8371.5,8373.1,8328.9,37.68794816
604,1580011200000,8371.5,8368.6,8371.5,8362.2,29.62041583
605,1580014800000,8368.5074154,8385.07154749,8395.7,8367.72338346,74.74976414
606,1580018400000,8385.0,8360.44661669,8392.3,8358.4,46.12598114
607,1580022000000,8360.4,8389.0960629,8389.0960629,8359.1,32.17203453
608,1580025600000,8389.1,8424.6,8481.4,8389.1,611.02544686
609,1580029200000,8424.6,8421.6,8440.7,8399.4,400.56833892
610,1580032800000,8421.63755779,8444.79089311,8459.5,8419.0,80.89089277
611,1580036400000,8444.7,8476.21326829,8485.0,8433.0,127.86235383
612,1580040000000,8476.3,8466.2348622,8479.9,8451.9,81.13515852
613,1580043600000,8466.2348622,8450.8,8478.3,8449.3,45.65248641
614,1580047200000,8450.8,8469.3,8470.0,8450.6,26.42805644
615,1580050800000,8469.3,8456.9928471,8476.32351595,8454.2,45.22192174
616,1580054400000,8456.9928471,8512.84145957,8519.5,8456.9928471,526.39320573
617,1580058000000,8512.84145957,8585.0,8592.0,8502.0,451.63025881
618,1580061600000,8585.0,8585.008482,8631.6,8575.3,230.36889433
619,1580065200000,8585.0,8573.7,8591.2,8554.6,83.15902984
620,1580068800000,8573.7,8581.2,8608.5,8572.7,135.82125318
621,1580072400000,8581.20058087,8613.1,8619.8,8581.1,48.26962902
622,1580076000000,8613.2,8590.0,8619.9,8571.1,85.95703889
623,1580079600000,8590.1,8621.5,8622.0,8576.5,111.71414919
624,1580083200000,8621.6,8669.9,8708.1,8621.5,507.09273368
625,1580086800000,8669.8,8663.4,8691.0,8663.1,111.73435125
626,1580090400000,8663.5,8656.2,8664.27455495,8637.5,101.68579284
627,1580094000000,8656.2,8669.9,8672.0,8646.2,70.94239139
628,1580097600000,8669.9,8639.8,8675.0,8632.4,97.75017122
629,1580101200000,8639.75735552,8648.4,8648.4,8639.2,17.931848079999998
630,1580104800000,8648.4,8656.0,8656.0,8648.3,40.75654006
631,1580108400000,8655.952527,8664.9,8665.4,8655.9,32.1461303
632,1580112000000,8664.91568367,8603.2453133,8664.91568367,8585.0,179.84828266
633,1580115600000,8603.3,8639.0565327,8646.1,8603.0,67.81031767
634,1580119200000,8639.6,8632.5,8665.7,8624.71480147,74.90073812
635,1580122800000,8632.6,8730.2,8750.0,8632.5,545.61933979
636,1580126400000,8732.9257015,8744.2,8750.6,8705.2,415.61404724
637,1580130000000,8747.1947565,8738.8,8778.2,8736.5,372.28215266
638,1580133600000,8738.7,8759.21980166,8760.1,8719.4,85.45043888000001
639,1580137200000,8759.7,8775.8,8797.3,8759.6,257.34942039
640,1580140800000,8775.8,8783.22678072,8816.1,8756.9,433.17866401
641,1580144400000,8783.22678072,8757.7,8800.0,8755.6,246.3307903
642,1580148000000,8759.3,8878.9,8878.9,8759.2,404.7315034
643,1580151600000,8878.9,8927.8,8990.0,8852.7,1377.23103236
644,1580155200000,8928.8,8980.0,8980.0,8918.2,182.07285583
645,1580158800000,8980.0,8969.7,9001.86207428,8933.1,340.03864306
646,1580162400000,8969.7,8908.8,8969.7,8901.0,184.16868204
647,1580166000000,8908.8,8912.0,8945.0,8892.6,130.21196177
648,1580169600000,8912.0570368,9070.0,9082.0,8912.0,656.68750648
649,1580173200000,9070.0,9128.0,9149.1,9070.0,541.68325898
650,1580176800000,9128.0,9126.39894554,9141.0,9103.7,138.88332051
651,1580180400000,9126.39894554,9105.1,9126.39894554,9080.5,209.31795681
652,1580184000000,9105.1,9052.8,9132.2,9050.3,317.16774358
653,1580187600000,9053.1,9069.4,9076.4,8955.0,412.90050403
654,1580191200000,9069.4,9017.90095847,9076.7,8995.3,316.68319827
655,1580194800000,9017.90095847,9055.3,9086.7,9013.1,388.22032664
656,1580198400000,9055.36276776,9008.7,9055.36276776,8980.0,208.71350875
657,1580202000000,9008.66366076,8985.0,9011.9,8980.0,46.33665268
658,1580205600000,8985.0,9026.4,9045.5,8955.0,291.34205081
659,1580209200000,9026.4,9086.8,9128.0,9026.3,440.45455815
660,1580212800000,9086.8,9044.8,9091.17927244,9021.0,208.73299176
661,1580216400000,9051.9,9095.1,9106.0,9037.2,118.60903623
662,1580220000000,9095.0,9045.0,9198.5,9021.1,694.77900947
663,1580223600000,9045.0,9035.1,9064.5,8963.4,550.81480531
664,1580227200000,9035.0,8981.0,9049.84777571,8981.0,145.99737509
665,1580230800000,8981.0,8990.1,9002.0,8911.1,370.24651206
666,1580234400000,8990.2,9004.6,9035.7,8971.5,108.08996062
667,1580238000000,9003.8,9018.40342257,9040.2,8985.1,109.87323301
668,1580241600000,9021.1,9069.5,9099.0,9019.4,275.24827562
669,1580245200000,9069.1,9058.9,9115.0,9049.4,197.65995371
670,1580248800000,9058.9,9152.0,9174.1,9056.1,356.26398072
671,1580252400000,9152.0407818,9397.0,9414.0,9123.6,2015.18946133
672,1580256000000,9393.67551447,9341.9,9436.4,9330.0,721.65007961
673,1580259600000,9342.0,9356.8,9392.1,9334.7,164.3406224
674,1580263200000,9356.3,9333.7,9370.0,9289.3,162.01414476
675,1580266800000,9333.7,9348.2,9370.2,9327.9,143.90990937
676,1580270400000,9350.4,9345.0,9380.0,9326.0,138.96363822
677,1580274000000,9345.1,9362.9,9366.44851602,9338.7,70.69746131
678,1580277600000,9363.90217594,9345.0,9399.2,9345.0,241.68628281
679,1580281200000,9345.03156653,9373.1,9374.4,9340.0,46.60891472
680,1580284800000,9374.3,9391.9424157,9391.9424157,9347.81651061,63.024702930000004
681,1580288400000,9391.9,9337.7,9392.0,9317.1,137.00166653
682,1580292000000,9341.6,9421.2,9436.4,9265.8,364.96349505
683,1580295600000,9416.5,9302.0,9424.0,9242.2,370.56166205
684,1580299200000,9302.0,9284.5,9316.69157977,9261.5,87.48697525
685,1580302800000,9284.4,9330.1,9357.8,9271.4,187.64419462
686,1580306400000,9330.1,9345.0,9349.5,9303.1,71.93917372
687,1580310000000,9345.7,9287.0,9345.7,9284.1,267.22463658
688,1580313600000,9287.9,9357.93042322,9358.0,9273.0,254.18340936
689,1580317200000,9357.93042322,9351.5,9369.0,9340.9,174.26212796000002
690,1580320800000,9351.5283213,9372.1,9380.0,9351.5,86.99038351
691,1580324400000,9372.0,9390.0,9418.9,9330.0,195.39269406
692,1580328000000,9390.0,9394.0,9414.7,9358.4,157.36472555
693,1580331600000,9394.0,9379.1,9442.3,9323.5,234.6303086
694,1580335200000,9379.1,9351.2,9379.1,9323.5,97.97999445
695,1580338800000,9351.1,9300.3,9363.3,9280.8,162.70395195
696,1580342400000,9305.2,9289.1,9335.5,9205.0,364.70464357000003
697,1580346000000,9281.0,9290.0,9290.0,9255.3,69.06640568
698,1580349600000,9290.0,9250.0,9290.0,9250.0,48.30034172
699,1580353200000,9250.0,9280.0,9290.0,9247.1,51.23589691
700,1580356800000,9277.9,9336.0,9362.8,9277.83836951,183.1509922
701,1580360400000,9336.1,9320.1,9357.2,9313.6,83.49309126
702,1580364000000,9318.0,9323.1,9346.6,9307.9,56.16399372
703,1580367600000,9325.8,9391.9,9392.7,9325.8,89.30911502
704,1580371200000,9391.9,9379.9,9401.1,9367.0,102.98819083
705,1580374800000,9379.96455785,9368.6,9385.0,9331.0,65.47428049
706,1580378400000,9368.6,9345.0,9381.0,9343.2,90.0419634
707,1580382000000,9345.1,9352.8,9359.2,9320.0,125.58224495
708,1580385600000,9352.8,9384.1,9397.1,9341.5,248.5784151
709,1580389200000,9384.2,9390.42665498,9399.4,9363.8,142.96185957
710,1580392800000,9394.2,9356.4,9416.10102028,9322.0,309.74313608
711,1580396400000,9357.0,9391.3,9392.0,9345.4,162.18345226
712,1580400000000,9392.0,9359.8,9469.2,9122.8,2159.4861164
713,1580403600000,9359.9,9462.8,9531.5,9359.9,1948.69113765
714,1580407200000,9462.8,9487.1,9499.0,9450.1,594.35005509
715,1580410800000,9488.1,9493.4,9504.0,9448.9,492.11862951
716,1580414400000,9493.32242723,9547.5,9550.0,9482.0,1064.50074278
717,1580418000000,9547.5,9542.1,9548.7,9513.2,137.32088507
718,1580421600000,9542.1,9550.0,9550.0,9525.0,131.19141214
719,1580425200000,9550.0,9512.71161782,9550.0,9457.2,300.1376285
720,1580428800000,9512.71161782,9470.0,9519.9,9463.7,189.55747326
